{
  "mean_return": -1396.1264745908738,
  "std_return": 106.40761292844545,
  "se_return": 47.586931166297894,
  "ci_lower": -1483.9764965592867,
  "ci_upper": -1219.0604637681975,
  "min_return": -1485.5707454036788,
  "max_return": -1203.7069819916153,
  "n_seeds": 5,
  "individual_returns": [
    -1357.241799757436,
    -1203.7069819916153,
    -1469.6282569597593,
    -1485.5707454036788,
    -1464.4845888418804
  ],
  "seed_results": {
    "0": {
      "mean_return": -1357.241799757436,
      "std_return": 109.2797576724562,
      "best_return": -1247.3759513377322,
      "worst_return": -1472.8436638016797,
      "training_time_hours": 1.6559945203362028
    },
    "1": {
      "mean_return": -1203.7069819916153,
      "std_return": 80.8233797718321,
      "best_return": -1056.715996775416,
      "worst_return": -1386.9512460716574,
      "training_time_hours": 1.7123391106782762
    },
    "2": {
      "mean_return": -1469.6282569597593,
      "std_return": 92.1696897183815,
      "best_return": -1367.1526137965354,
      "worst_return": -1612.8227588239708,
      "training_time_hours": 1.791229140198042
    },
    "3": {
      "mean_return": -1485.5707454036788,
      "std_return": 91.68578594140872,
      "best_return": -1398.9345610743096,
      "worst_return": -1631.1777438253823,
      "training_time_hours": 2.285175961393014
    },
    "4": {
      "mean_return": -1464.4845888418804,
      "std_return": 103.6965827544817,
      "best_return": -1409.8395475698806,
      "worst_return": -1625.2390740320243,
      "training_time_hours": 1.6705241236872914
    }
  }
}